phi_t,t,ncells
0.9182,0,3157
0.89166,1176,5262
0.89706,1656,4900