,phi_t,t,ncells
0,0.8012841091492777,0,3157
1,0.7373833555513236,1176,5262
2,0.7749639695285155,1656,4900
