,phi_t,t,ncells
0,0.8937399678972713,0,3115
1,0.8246048371738717,1176,5251
2,0.8103767757875231,1656,4857
